,id,identifier,species_id,height,weight,base_experience,order,is_default,pokemon_species_id,Name
0,1,bulbasaur,1,7,69,64.0,1.0,True,1,Bulbasaur
1,2,ivysaur,2,10,130,142.0,2.0,True,2,Ivysaur
2,3,venusaur,3,20,1000,263.0,3.0,True,3,Venusaur
3,10033,venusaur-mega,3,24,1555,281.0,4.0,False,3,Venusaur
4,10195,venusaur-gmax,3,240,10000,236.0,,False,3,Venusaur
5,4,charmander,4,6,85,62.0,5.0,True,4,Charmander
6,5,charmeleon,5,11,190,142.0,6.0,True,5,Charmeleon
7,6,charizard,6,17,905,267.0,7.0,True,6,Charizard
8,10034,charizard-mega-x,6,17,1105,285.0,8.0,False,6,Charizard
9,10035,charizard-mega-y,6,17,1005,285.0,9.0,False,6,Charizard
10,10196,charizard-gmax,6,280,10000,240.0,,False,6,Charizard
11,7,squirtle,7,5,90,63.0,10.0,True,7,Squirtle
12,8,wartortle,8,10,225,142.0,11.0,True,8,Wartortle
13,9,blastoise,9,16,855,265.0,12.0,True,9,Blastoise
14,10036,blastoise-mega,9,16,1011,284.0,13.0,False,9,Blastoise
15,10197,blastoise-gmax,9,250,10000,239.0,,False,9,Blastoise
16,10,caterpie,10,3,29,39.0,14.0,True,10,Caterpie
17,11,metapod,11,7,99,72.0,15.0,True,11,Metapod
18,12,butterfree,12,11,320,198.0,16.0,True,12,Butterfree
19,10198,butterfree-gmax,12,170,10000,178.0,,False,12,Butterfree
20,13,weedle,13,3,32,39.0,17.0,True,13,Weedle
21,14,kakuna,14,6,100,72.0,18.0,True,14,Kakuna
22,15,beedrill,15,10,295,178.0,19.0,True,15,Beedrill
23,10090,beedrill-mega,15,14,405,223.0,20.0,False,15,Beedrill
24,16,pidgey,16,3,18,50.0,21.0,True,16,Pidgey
25,17,pidgeotto,17,11,300,122.0,22.0,True,17,Pidgeotto
26,18,pidgeot,18,15,395,216.0,23.0,True,18,Pidgeot
27,10073,pidgeot-mega,18,22,505,261.0,24.0,False,18,Pidgeot
28,19,rattata,19,3,35,51.0,25.0,True,19,Rattata
29,10091,rattata-alola,19,3,38,51.0,26.0,False,19,Rattata
30,20,raticate,20,7,185,145.0,27.0,True,20,Raticate
31,10092,raticate-alola,20,7,255,145.0,28.0,False,20,Raticate
32,10093,raticate-totem-alola,20,14,1050,145.0,29.0,False,20,Raticate
33,21,spearow,21,3,20,52.0,30.0,True,21,Spearow
34,22,fearow,22,12,380,155.0,31.0,True,22,Fearow
35,23,ekans,23,20,69,58.0,32.0,True,23,Ekans
36,24,arbok,24,35,650,157.0,33.0,True,24,Arbok
37,25,pikachu,25,4,60,112.0,35.0,True,25,Pikachu
38,10080,pikachu-rock-star,25,4,60,112.0,37.0,False,25,Pikachu
39,10081,pikachu-belle,25,4,60,112.0,38.0,False,25,Pikachu
40,10082,pikachu-pop-star,25,4,60,112.0,39.0,False,25,Pikachu
41,10083,pikachu-phd,25,4,60,112.0,40.0,False,25,Pikachu
42,10084,pikachu-libre,25,4,60,112.0,41.0,False,25,Pikachu
43,10085,pikachu-cosplay,25,4,60,112.0,36.0,False,25,Pikachu
44,10094,pikachu-original-cap,25,4,60,112.0,42.0,False,25,Pikachu
45,10095,pikachu-hoenn-cap,25,4,60,112.0,43.0,False,25,Pikachu
46,10096,pikachu-sinnoh-cap,25,4,60,112.0,44.0,False,25,Pikachu
47,10097,pikachu-unova-cap,25,4,60,112.0,45.0,False,25,Pikachu
48,10098,pikachu-kalos-cap,25,4,60,112.0,46.0,False,25,Pikachu
49,10099,pikachu-alola-cap,25,4,60,112.0,47.0,False,25,Pikachu
50,10148,pikachu-partner-cap,25,4,60,112.0,48.0,False,25,Pikachu
51,10158,pikachu-starter,25,4,60,86.0,49.0,False,25,Pikachu
52,10160,pikachu-world-cap,25,4,60,112.0,50.0,False,25,Pikachu
53,10199,pikachu-gmax,25,210,10000,112.0,,False,25,Pikachu
54,26,raichu,26,8,300,243.0,51.0,True,26,Raichu
55,10100,raichu-alola,26,7,210,243.0,52.0,False,26,Raichu
56,27,sandshrew,27,6,120,60.0,53.0,True,27,Sandshrew
57,10101,sandshrew-alola,27,7,400,60.0,54.0,False,27,Sandshrew
58,28,sandslash,28,10,295,158.0,55.0,True,28,Sandslash
59,10102,sandslash-alola,28,12,550,158.0,56.0,False,28,Sandslash
60,29,nidoran-f,29,4,70,55.0,57.0,True,29,Nidoran♀
61,30,nidorina,30,8,200,128.0,58.0,True,30,Nidorina
62,31,nidoqueen,31,13,600,253.0,59.0,True,31,Nidoqueen
63,32,nidoran-m,32,5,90,55.0,60.0,True,32,Nidoran♂
64,33,nidorino,33,9,195,128.0,61.0,True,33,Nidorino
65,34,nidoking,34,14,620,253.0,62.0,True,34,Nidoking
66,35,clefairy,35,6,75,113.0,64.0,True,35,Clefairy
67,36,clefable,36,13,400,242.0,65.0,True,36,Clefable
68,37,vulpix,37,6,99,60.0,66.0,True,37,Vulpix
69,10103,vulpix-alola,37,6,99,60.0,67.0,False,37,Vulpix
70,38,ninetales,38,11,199,177.0,68.0,True,38,Ninetales
71,10104,ninetales-alola,38,11,199,177.0,69.0,False,38,Ninetales
72,39,jigglypuff,39,5,55,95.0,71.0,True,39,Jigglypuff
73,40,wigglytuff,40,10,120,218.0,72.0,True,40,Wigglytuff
74,41,zubat,41,8,75,49.0,73.0,True,41,Zubat
75,42,golbat,42,16,550,159.0,74.0,True,42,Golbat
76,43,oddish,43,5,54,64.0,76.0,True,43,Oddish
77,44,gloom,44,8,86,138.0,77.0,True,44,Gloom
78,45,vileplume,45,12,186,245.0,78.0,True,45,Vileplume
79,46,paras,46,3,54,57.0,80.0,True,46,Paras
80,47,parasect,47,10,295,142.0,81.0,True,47,Parasect
81,48,venonat,48,10,300,61.0,82.0,True,48,Venonat
82,49,venomoth,49,15,125,158.0,83.0,True,49,Venomoth
83,50,diglett,50,2,8,53.0,84.0,True,50,Diglett
84,10105,diglett-alola,50,2,10,53.0,85.0,False,50,Diglett
85,51,dugtrio,51,7,333,149.0,86.0,True,51,Dugtrio
86,10106,dugtrio-alola,51,7,666,149.0,87.0,False,51,Dugtrio
87,52,meowth,52,4,42,58.0,88.0,True,52,Meowth
88,10107,meowth-alola,52,4,42,58.0,89.0,False,52,Meowth
89,10161,meowth-galar,52,4,75,58.0,90.0,False,52,Meowth
90,10200,meowth-gmax,52,330,10000,58.0,,False,52,Meowth
91,53,persian,53,10,320,154.0,91.0,True,53,Persian
92,10108,persian-alola,53,11,330,154.0,92.0,False,53,Persian
93,54,psyduck,54,8,196,64.0,93.0,True,54,Psyduck
94,55,golduck,55,17,766,175.0,94.0,True,55,Golduck
95,56,mankey,56,5,280,61.0,95.0,True,56,Mankey
96,57,primeape,57,10,320,159.0,96.0,True,57,Primeape
97,58,growlithe,58,7,190,70.0,97.0,True,58,Growlithe
98,10229,growlithe-hisui,58,8,227,,,False,58,Growlithe
99,59,arcanine,59,19,1550,194.0,98.0,True,59,Arcanine
100,10230,arcanine-hisui,59,20,1680,,,False,59,Arcanine
101,60,poliwag,60,6,124,60.0,99.0,True,60,Poliwag
102,61,poliwhirl,61,10,200,135.0,100.0,True,61,Poliwhirl
103,62,poliwrath,62,13,540,255.0,101.0,True,62,Poliwrath
104,63,abra,63,9,195,62.0,103.0,True,63,Abra
105,64,kadabra,64,13,565,140.0,104.0,True,64,Kadabra
106,65,alakazam,65,15,480,250.0,105.0,True,65,Alakazam
107,10037,alakazam-mega,65,12,480,270.0,106.0,False,65,Alakazam
108,66,machop,66,8,195,61.0,107.0,True,66,Machop
109,67,machoke,67,15,705,142.0,108.0,True,67,Machoke
110,68,machamp,68,16,1300,253.0,109.0,True,68,Machamp
111,10201,machamp-gmax,68,250,10000,227.0,,False,68,Machamp
112,69,bellsprout,69,7,40,60.0,110.0,True,69,Bellsprout
113,70,weepinbell,70,10,64,137.0,111.0,True,70,Weepinbell
114,71,victreebel,71,17,155,221.0,112.0,True,71,Victreebel
115,72,tentacool,72,9,455,67.0,113.0,True,72,Tentacool
116,73,tentacruel,73,16,550,180.0,114.0,True,73,Tentacruel
117,74,geodude,74,4,200,60.0,115.0,True,74,Geodude
118,10109,geodude-alola,74,4,203,60.0,116.0,False,74,Geodude
119,75,graveler,75,10,1050,137.0,117.0,True,75,Graveler
120,10110,graveler-alola,75,10,1100,137.0,118.0,False,75,Graveler
121,76,golem,76,14,3000,223.0,119.0,True,76,Golem
122,10111,golem-alola,76,17,3160,223.0,120.0,False,76,Golem
123,77,ponyta,77,10,300,82.0,121.0,True,77,Ponyta
124,10162,ponyta-galar,77,8,240,82.0,122.0,False,77,Ponyta
125,78,rapidash,78,17,950,175.0,123.0,True,78,Rapidash
126,10163,rapidash-galar,78,17,800,175.0,124.0,False,78,Rapidash
127,79,slowpoke,79,12,360,63.0,125.0,True,79,Slowpoke
128,10164,slowpoke-galar,79,12,360,63.0,126.0,False,79,Slowpoke
129,80,slowbro,80,16,785,172.0,127.0,True,80,Slowbro
130,10071,slowbro-mega,80,20,1200,207.0,128.0,False,80,Slowbro
131,10165,slowbro-galar,80,16,705,172.0,129.0,False,80,Slowbro
132,81,magnemite,81,3,60,65.0,132.0,True,81,Magnemite
133,82,magneton,82,10,600,163.0,133.0,True,82,Magneton
134,83,farfetchd,83,8,150,132.0,135.0,True,83,Farfetch’d
135,10166,farfetchd-galar,83,8,420,132.0,136.0,False,83,Farfetch’d
136,84,doduo,84,14,392,62.0,137.0,True,84,Doduo
137,85,dodrio,85,18,852,165.0,138.0,True,85,Dodrio
138,86,seel,86,11,900,65.0,139.0,True,86,Seel
139,87,dewgong,87,17,1200,166.0,140.0,True,87,Dewgong
140,88,grimer,88,9,300,65.0,141.0,True,88,Grimer
141,10112,grimer-alola,88,7,420,65.0,142.0,False,88,Grimer
142,89,muk,89,12,300,175.0,143.0,True,89,Muk
143,10113,muk-alola,89,10,520,175.0,144.0,False,89,Muk
144,90,shellder,90,3,40,61.0,145.0,True,90,Shellder
145,91,cloyster,91,15,1325,184.0,146.0,True,91,Cloyster
146,92,gastly,92,13,1,62.0,147.0,True,92,Gastly
147,93,haunter,93,16,1,142.0,148.0,True,93,Haunter
148,94,gengar,94,15,405,250.0,149.0,True,94,Gengar
149,10038,gengar-mega,94,14,405,270.0,150.0,False,94,Gengar
150,10202,gengar-gmax,94,200,10000,225.0,,False,94,Gengar
151,95,onix,95,88,2100,77.0,151.0,True,95,Onix
152,96,drowzee,96,10,324,66.0,154.0,True,96,Drowzee
153,97,hypno,97,16,756,169.0,155.0,True,97,Hypno
154,98,krabby,98,4,65,65.0,156.0,True,98,Krabby
155,99,kingler,99,13,600,166.0,157.0,True,99,Kingler
156,10203,kingler-gmax,99,190,10000,166.0,,False,99,Kingler
157,100,voltorb,100,5,104,66.0,158.0,True,100,Voltorb
158,10231,voltorb-hisui,100,5,130,,,False,100,Voltorb
159,101,electrode,101,12,666,172.0,159.0,True,101,Electrode
160,10232,electrode-hisui,101,12,710,,,False,101,Electrode
161,102,exeggcute,102,4,25,65.0,160.0,True,102,Exeggcute
162,103,exeggutor,103,20,1200,186.0,161.0,True,103,Exeggutor
163,10114,exeggutor-alola,103,109,4156,186.0,162.0,False,103,Exeggutor
164,104,cubone,104,4,65,64.0,163.0,True,104,Cubone
165,105,marowak,105,10,450,149.0,164.0,True,105,Marowak
166,10115,marowak-alola,105,10,340,149.0,165.0,False,105,Marowak
167,10149,marowak-totem,105,17,980,149.0,166.0,False,105,Marowak
168,106,hitmonlee,106,15,498,159.0,168.0,True,106,Hitmonlee
169,107,hitmonchan,107,14,502,159.0,169.0,True,107,Hitmonchan
170,108,lickitung,108,12,655,77.0,171.0,True,108,Lickitung
171,109,koffing,109,6,10,68.0,173.0,True,109,Koffing
172,110,weezing,110,12,95,172.0,174.0,True,110,Weezing
173,10167,weezing-galar,110,30,160,172.0,175.0,False,110,Weezing
174,111,rhyhorn,111,10,1150,69.0,176.0,True,111,Rhyhorn
175,112,rhydon,112,19,1200,170.0,177.0,True,112,Rhydon
176,113,chansey,113,11,346,395.0,180.0,True,113,Chansey
177,114,tangela,114,10,350,87.0,182.0,True,114,Tangela
178,115,kangaskhan,115,22,800,172.0,184.0,True,115,Kangaskhan
179,10039,kangaskhan-mega,115,22,1000,207.0,185.0,False,115,Kangaskhan
180,116,horsea,116,4,80,59.0,186.0,True,116,Horsea
181,117,seadra,117,12,250,154.0,187.0,True,117,Seadra
182,118,goldeen,118,6,150,64.0,189.0,True,118,Goldeen
183,119,seaking,119,13,390,158.0,190.0,True,119,Seaking
184,120,staryu,120,8,345,68.0,191.0,True,120,Staryu
185,121,starmie,121,11,800,182.0,192.0,True,121,Starmie
186,122,mr-mime,122,13,545,161.0,194.0,True,122,Mr. Mime
187,10168,mr-mime-galar,122,14,568,161.0,195.0,False,122,Mr. Mime
188,123,scyther,123,15,560,100.0,196.0,True,123,Scyther
189,124,jynx,124,14,406,159.0,200.0,True,124,Jynx
190,125,electabuzz,125,11,300,172.0,202.0,True,125,Electabuzz
191,126,magmar,126,13,445,173.0,205.0,True,126,Magmar
192,127,pinsir,127,15,550,175.0,207.0,True,127,Pinsir
193,10040,pinsir-mega,127,17,590,210.0,208.0,False,127,Pinsir
194,128,tauros,128,14,884,172.0,209.0,True,128,Tauros
195,10250,tauros-paldea-combat-breed,128,14,1150,,,False,128,Tauros
196,10251,tauros-paldea-blaze-breed,128,14,850,,,False,128,Tauros
197,10252,tauros-paldea-aqua-breed,128,14,1100,,,False,128,Tauros
198,129,magikarp,129,9,100,40.0,210.0,True,129,Magikarp
199,130,gyarados,130,65,2350,189.0,211.0,True,130,Gyarados
200,10041,gyarados-mega,130,65,3050,224.0,212.0,False,130,Gyarados
201,131,lapras,131,25,2200,187.0,213.0,True,131,Lapras
202,10204,lapras-gmax,131,240,10000,187.0,,False,131,Lapras
203,132,ditto,132,3,40,101.0,214.0,True,132,Ditto
204,133,eevee,133,3,65,65.0,215.0,True,133,Eevee
205,10159,eevee-starter,133,3,65,87.0,216.0,False,133,Eevee
206,10205,eevee-gmax,133,180,10000,65.0,,False,133,Eevee
207,134,vaporeon,134,10,290,184.0,217.0,True,134,Vaporeon
208,135,jolteon,135,8,245,184.0,218.0,True,135,Jolteon
209,136,flareon,136,9,250,184.0,219.0,True,136,Flareon
210,137,porygon,137,8,365,79.0,225.0,True,137,Porygon
211,138,omanyte,138,4,75,71.0,228.0,True,138,Omanyte
212,139,omastar,139,10,350,173.0,229.0,True,139,Omastar
213,140,kabuto,140,5,115,71.0,230.0,True,140,Kabuto
214,141,kabutops,141,13,405,173.0,231.0,True,141,Kabutops
215,142,aerodactyl,142,18,590,180.0,232.0,True,142,Aerodactyl
216,10042,aerodactyl-mega,142,21,790,215.0,233.0,False,142,Aerodactyl
217,143,snorlax,143,21,4600,189.0,235.0,True,143,Snorlax
218,10206,snorlax-gmax,143,350,10000,189.0,,False,143,Snorlax
219,144,articuno,144,17,554,290.0,236.0,True,144,Articuno
220,10169,articuno-galar,144,17,509,290.0,237.0,False,144,Articuno
221,145,zapdos,145,16,526,290.0,238.0,True,145,Zapdos
222,10170,zapdos-galar,145,16,582,290.0,239.0,False,145,Zapdos
223,146,moltres,146,20,600,290.0,240.0,True,146,Moltres
224,10171,moltres-galar,146,20,660,290.0,241.0,False,146,Moltres
225,147,dratini,147,18,33,60.0,242.0,True,147,Dratini
226,148,dragonair,148,40,165,147.0,243.0,True,148,Dragonair
227,149,dragonite,149,22,2100,300.0,244.0,True,149,Dragonite
228,150,mewtwo,150,20,1220,340.0,245.0,True,150,Mewtwo
229,10043,mewtwo-mega-x,150,23,1270,351.0,246.0,False,150,Mewtwo
230,10044,mewtwo-mega-y,150,15,330,351.0,247.0,False,150,Mewtwo
231,151,mew,151,4,40,300.0,248.0,True,151,Mew
232,152,chikorita,152,9,64,64.0,249.0,True,152,Chikorita
233,153,bayleef,153,12,158,142.0,250.0,True,153,Bayleef
234,154,meganium,154,18,1005,236.0,251.0,True,154,Meganium
235,155,cyndaquil,155,5,79,62.0,252.0,True,155,Cyndaquil
236,156,quilava,156,9,190,142.0,253.0,True,156,Quilava
237,157,typhlosion,157,17,795,240.0,254.0,True,157,Typhlosion
238,10233,typhlosion-hisui,157,16,698,,,False,157,Typhlosion
239,158,totodile,158,6,95,63.0,255.0,True,158,Totodile
240,159,croconaw,159,11,250,142.0,256.0,True,159,Croconaw
241,160,feraligatr,160,23,888,239.0,257.0,True,160,Feraligatr
242,161,sentret,161,8,60,43.0,258.0,True,161,Sentret
243,162,furret,162,18,325,145.0,259.0,True,162,Furret
244,163,hoothoot,163,7,212,52.0,260.0,True,163,Hoothoot
245,164,noctowl,164,16,408,158.0,261.0,True,164,Noctowl
246,165,ledyba,165,10,108,53.0,262.0,True,165,Ledyba
247,166,ledian,166,14,356,137.0,263.0,True,166,Ledian
248,167,spinarak,167,5,85,50.0,264.0,True,167,Spinarak
249,168,ariados,168,11,335,140.0,265.0,True,168,Ariados
250,169,crobat,169,18,750,268.0,75.0,True,169,Crobat
251,170,chinchou,170,5,120,66.0,266.0,True,170,Chinchou
252,171,lanturn,171,12,225,161.0,267.0,True,171,Lanturn
253,172,pichu,172,3,20,41.0,34.0,True,172,Pichu
254,173,cleffa,173,3,30,44.0,63.0,True,173,Cleffa
255,174,igglybuff,174,3,10,42.0,70.0,True,174,Igglybuff
256,175,togepi,175,3,15,49.0,268.0,True,175,Togepi
257,176,togetic,176,6,32,142.0,269.0,True,176,Togetic
258,177,natu,177,2,20,64.0,271.0,True,177,Natu
259,178,xatu,178,15,150,165.0,272.0,True,178,Xatu
260,179,mareep,179,6,78,56.0,273.0,True,179,Mareep
261,180,flaaffy,180,8,133,128.0,274.0,True,180,Flaaffy
262,181,ampharos,181,14,615,230.0,275.0,True,181,Ampharos
263,10045,ampharos-mega,181,14,615,275.0,276.0,False,181,Ampharos
264,182,bellossom,182,4,58,245.0,79.0,True,182,Bellossom
265,183,marill,183,4,85,88.0,278.0,True,183,Marill
266,184,azumarill,184,8,285,210.0,279.0,True,184,Azumarill
267,185,sudowoodo,185,12,380,144.0,281.0,True,185,Sudowoodo
268,186,politoed,186,11,339,250.0,102.0,True,186,Politoed
269,187,hoppip,187,4,5,50.0,282.0,True,187,Hoppip
270,188,skiploom,188,6,10,119.0,283.0,True,188,Skiploom
271,189,jumpluff,189,8,30,207.0,284.0,True,189,Jumpluff
272,190,aipom,190,8,115,72.0,285.0,True,190,Aipom
273,191,sunkern,191,3,18,36.0,287.0,True,191,Sunkern
274,192,sunflora,192,8,85,149.0,288.0,True,192,Sunflora
275,193,yanma,193,12,380,78.0,289.0,True,193,Yanma
276,194,wooper,194,4,85,42.0,291.0,True,194,Wooper
277,10253,wooper-paldea,194,4,110,,,False,194,Wooper
278,195,quagsire,195,14,750,151.0,292.0,True,195,Quagsire
279,196,espeon,196,9,265,184.0,220.0,True,196,Espeon
280,197,umbreon,197,10,270,184.0,221.0,True,197,Umbreon
281,198,murkrow,198,5,21,81.0,293.0,True,198,Murkrow
282,199,slowking,199,20,795,172.0,130.0,True,199,Slowking
283,10172,slowking-galar,199,18,795,172.0,131.0,False,199,Slowking
284,200,misdreavus,200,7,10,87.0,295.0,True,200,Misdreavus
285,201,unown,201,5,50,118.0,297.0,True,201,Unown
286,202,wobbuffet,202,13,285,142.0,299.0,True,202,Wobbuffet
287,203,girafarig,203,15,415,159.0,300.0,True,203,Girafarig
288,204,pineco,204,6,72,58.0,301.0,True,204,Pineco
289,205,forretress,205,12,1258,163.0,302.0,True,205,Forretress
290,206,dunsparce,206,15,140,145.0,303.0,True,206,Dunsparce
291,207,gligar,207,11,648,86.0,304.0,True,207,Gligar
292,208,steelix,208,92,4000,179.0,152.0,True,208,Steelix
293,10072,steelix-mega,208,105,7400,214.0,153.0,False,208,Steelix
294,209,snubbull,209,6,78,60.0,306.0,True,209,Snubbull
295,210,granbull,210,14,487,158.0,307.0,True,210,Granbull
296,211,qwilfish,211,5,39,88.0,308.0,True,211,Qwilfish
297,10234,qwilfish-hisui,211,5,39,,,False,211,Qwilfish
298,212,scizor,212,18,1180,175.0,197.0,True,212,Scizor
299,10046,scizor-mega,212,20,1250,210.0,198.0,False,212,Scizor
300,213,shuckle,213,6,205,177.0,309.0,True,213,Shuckle
301,214,heracross,214,15,540,175.0,310.0,True,214,Heracross
302,10047,heracross-mega,214,17,625,210.0,311.0,False,214,Heracross
303,215,sneasel,215,9,280,86.0,312.0,True,215,Sneasel
304,10235,sneasel-hisui,215,9,270,,,False,215,Sneasel
305,216,teddiursa,216,6,88,66.0,314.0,True,216,Teddiursa
306,217,ursaring,217,18,1258,175.0,315.0,True,217,Ursaring
307,218,slugma,218,7,350,50.0,316.0,True,218,Slugma
308,219,magcargo,219,8,550,151.0,317.0,True,219,Magcargo
309,220,swinub,220,4,65,50.0,318.0,True,220,Swinub
310,221,piloswine,221,11,558,158.0,319.0,True,221,Piloswine
311,222,corsola,222,6,50,144.0,321.0,True,222,Corsola
312,10173,corsola-galar,222,6,5,144.0,322.0,False,222,Corsola
313,223,remoraid,223,6,120,60.0,323.0,True,223,Remoraid
314,224,octillery,224,9,285,168.0,324.0,True,224,Octillery
315,225,delibird,225,9,160,116.0,325.0,True,225,Delibird
316,226,mantine,226,21,2200,170.0,327.0,True,226,Mantine
317,227,skarmory,227,17,505,163.0,328.0,True,227,Skarmory
318,228,houndour,228,6,108,66.0,329.0,True,228,Houndour
319,229,houndoom,229,14,350,175.0,330.0,True,229,Houndoom
320,10048,houndoom-mega,229,19,495,210.0,331.0,False,229,Houndoom
321,230,kingdra,230,18,1520,270.0,188.0,True,230,Kingdra
322,231,phanpy,231,5,335,66.0,332.0,True,231,Phanpy
323,232,donphan,232,11,1200,175.0,333.0,True,232,Donphan
324,233,porygon2,233,6,325,180.0,226.0,True,233,Porygon2
325,234,stantler,234,14,712,163.0,334.0,True,234,Stantler
326,235,smeargle,235,12,580,88.0,335.0,True,235,Smeargle
327,236,tyrogue,236,7,210,42.0,167.0,True,236,Tyrogue
328,237,hitmontop,237,14,480,159.0,170.0,True,237,Hitmontop
329,238,smoochum,238,4,60,61.0,199.0,True,238,Smoochum
330,239,elekid,239,6,235,72.0,201.0,True,239,Elekid
331,240,magby,240,7,214,73.0,204.0,True,240,Magby
332,241,miltank,241,12,755,172.0,336.0,True,241,Miltank
333,242,blissey,242,15,468,635.0,181.0,True,242,Blissey
334,243,raikou,243,19,1780,290.0,337.0,True,243,Raikou
335,244,entei,244,21,1980,290.0,338.0,True,244,Entei
336,245,suicune,245,20,1870,290.0,339.0,True,245,Suicune
337,246,larvitar,246,6,720,60.0,340.0,True,246,Larvitar
338,247,pupitar,247,12,1520,144.0,341.0,True,247,Pupitar
339,248,tyranitar,248,20,2020,300.0,342.0,True,248,Tyranitar
340,10049,tyranitar-mega,248,25,2550,315.0,343.0,False,248,Tyranitar
341,249,lugia,249,52,2160,340.0,344.0,True,249,Lugia
342,250,ho-oh,250,38,1990,340.0,345.0,True,250,Ho-Oh
343,251,celebi,251,6,50,300.0,346.0,True,251,Celebi
344,252,treecko,252,5,50,62.0,347.0,True,252,Treecko
345,253,grovyle,253,9,216,142.0,348.0,True,253,Grovyle
346,254,sceptile,254,17,522,265.0,349.0,True,254,Sceptile
347,10065,sceptile-mega,254,19,552,284.0,350.0,False,254,Sceptile
348,255,torchic,255,4,25,62.0,351.0,True,255,Torchic
349,256,combusken,256,9,195,142.0,352.0,True,256,Combusken
350,257,blaziken,257,19,520,265.0,353.0,True,257,Blaziken
351,10050,blaziken-mega,257,19,520,284.0,354.0,False,257,Blaziken
352,258,mudkip,258,4,76,62.0,355.0,True,258,Mudkip
353,259,marshtomp,259,7,280,142.0,356.0,True,259,Marshtomp
354,260,swampert,260,15,819,268.0,357.0,True,260,Swampert
355,10064,swampert-mega,260,19,1020,286.0,358.0,False,260,Swampert
356,261,poochyena,261,5,136,56.0,359.0,True,261,Poochyena
357,262,mightyena,262,10,370,147.0,360.0,True,262,Mightyena
358,263,zigzagoon,263,4,175,56.0,361.0,True,263,Zigzagoon
359,10174,zigzagoon-galar,263,4,175,56.0,362.0,False,263,Zigzagoon
360,264,linoone,264,5,325,147.0,363.0,True,264,Linoone
361,10175,linoone-galar,264,5,325,147.0,364.0,False,264,Linoone
362,265,wurmple,265,3,36,56.0,365.0,True,265,Wurmple
363,266,silcoon,266,6,100,72.0,366.0,True,266,Silcoon
364,267,beautifly,267,10,284,178.0,367.0,True,267,Beautifly
365,268,cascoon,268,7,115,72.0,368.0,True,268,Cascoon
366,269,dustox,269,12,316,173.0,369.0,True,269,Dustox
367,270,lotad,270,5,26,44.0,370.0,True,270,Lotad
368,271,lombre,271,12,325,119.0,371.0,True,271,Lombre
369,272,ludicolo,272,15,550,240.0,372.0,True,272,Ludicolo
370,273,seedot,273,5,40,44.0,373.0,True,273,Seedot
371,274,nuzleaf,274,10,280,119.0,374.0,True,274,Nuzleaf
372,275,shiftry,275,13,596,240.0,375.0,True,275,Shiftry
373,276,taillow,276,3,23,54.0,376.0,True,276,Taillow
374,277,swellow,277,7,198,159.0,377.0,True,277,Swellow
375,278,wingull,278,6,95,54.0,378.0,True,278,Wingull
376,279,pelipper,279,12,280,154.0,379.0,True,279,Pelipper
377,280,ralts,280,4,66,40.0,380.0,True,280,Ralts
378,281,kirlia,281,8,202,97.0,381.0,True,281,Kirlia
379,282,gardevoir,282,16,484,259.0,382.0,True,282,Gardevoir
380,10051,gardevoir-mega,282,16,484,278.0,383.0,False,282,Gardevoir
381,283,surskit,283,5,17,54.0,386.0,True,283,Surskit
382,284,masquerain,284,8,36,159.0,387.0,True,284,Masquerain
383,285,shroomish,285,4,45,59.0,388.0,True,285,Shroomish
384,286,breloom,286,12,392,161.0,389.0,True,286,Breloom
385,287,slakoth,287,8,240,56.0,390.0,True,287,Slakoth
386,288,vigoroth,288,14,465,154.0,391.0,True,288,Vigoroth
387,289,slaking,289,20,1305,252.0,392.0,True,289,Slaking
388,290,nincada,290,5,55,53.0,393.0,True,290,Nincada
389,291,ninjask,291,8,120,160.0,394.0,True,291,Ninjask
390,292,shedinja,292,8,12,83.0,395.0,True,292,Shedinja
391,293,whismur,293,6,163,48.0,396.0,True,293,Whismur
392,294,loudred,294,10,405,126.0,397.0,True,294,Loudred
393,295,exploud,295,15,840,245.0,398.0,True,295,Exploud
394,296,makuhita,296,10,864,47.0,399.0,True,296,Makuhita
395,297,hariyama,297,23,2538,166.0,400.0,True,297,Hariyama
396,298,azurill,298,2,20,38.0,277.0,True,298,Azurill
397,299,nosepass,299,10,970,75.0,401.0,True,299,Nosepass
398,300,skitty,300,6,110,52.0,403.0,True,300,Skitty
399,301,delcatty,301,11,326,140.0,404.0,True,301,Delcatty
400,302,sableye,302,5,110,133.0,405.0,True,302,Sableye
401,10066,sableye-mega,302,5,1610,168.0,406.0,False,302,Sableye
402,303,mawile,303,6,115,133.0,407.0,True,303,Mawile
403,10052,mawile-mega,303,10,235,168.0,408.0,False,303,Mawile
404,304,aron,304,4,600,66.0,409.0,True,304,Aron
405,305,lairon,305,9,1200,151.0,410.0,True,305,Lairon
406,306,aggron,306,21,3600,265.0,411.0,True,306,Aggron
407,10053,aggron-mega,306,22,3950,284.0,412.0,False,306,Aggron
408,307,meditite,307,6,112,56.0,413.0,True,307,Meditite
409,308,medicham,308,13,315,144.0,414.0,True,308,Medicham
410,10054,medicham-mega,308,13,315,179.0,415.0,False,308,Medicham
411,309,electrike,309,6,152,59.0,416.0,True,309,Electrike
412,310,manectric,310,15,402,166.0,417.0,True,310,Manectric
413,10055,manectric-mega,310,18,440,201.0,418.0,False,310,Manectric
414,311,plusle,311,4,42,142.0,419.0,True,311,Plusle
415,312,minun,312,4,42,142.0,420.0,True,312,Minun
416,313,volbeat,313,7,177,151.0,421.0,True,313,Volbeat
417,314,illumise,314,6,177,151.0,422.0,True,314,Illumise
418,315,roselia,315,3,20,140.0,424.0,True,315,Roselia
419,316,gulpin,316,4,103,60.0,426.0,True,316,Gulpin
420,317,swalot,317,17,800,163.0,427.0,True,317,Swalot
421,318,carvanha,318,8,208,61.0,428.0,True,318,Carvanha
422,319,sharpedo,319,18,888,161.0,429.0,True,319,Sharpedo
423,10070,sharpedo-mega,319,25,1303,196.0,430.0,False,319,Sharpedo
424,320,wailmer,320,20,1300,80.0,431.0,True,320,Wailmer
425,321,wailord,321,145,3980,175.0,432.0,True,321,Wailord
426,322,numel,322,7,240,61.0,433.0,True,322,Numel
427,323,camerupt,323,19,2200,161.0,434.0,True,323,Camerupt
428,10087,camerupt-mega,323,25,3205,196.0,435.0,False,323,Camerupt
429,324,torkoal,324,5,804,165.0,436.0,True,324,Torkoal
430,325,spoink,325,7,306,66.0,437.0,True,325,Spoink
431,326,grumpig,326,9,715,165.0,438.0,True,326,Grumpig
432,327,spinda,327,11,50,126.0,439.0,True,327,Spinda
433,328,trapinch,328,7,150,58.0,440.0,True,328,Trapinch
434,329,vibrava,329,11,153,119.0,441.0,True,329,Vibrava
435,330,flygon,330,20,820,260.0,442.0,True,330,Flygon
436,331,cacnea,331,4,513,67.0,443.0,True,331,Cacnea
437,332,cacturne,332,13,774,166.0,444.0,True,332,Cacturne
438,333,swablu,333,4,12,62.0,445.0,True,333,Swablu
439,334,altaria,334,11,206,172.0,446.0,True,334,Altaria
440,10067,altaria-mega,334,15,206,207.0,447.0,False,334,Altaria
441,335,zangoose,335,13,403,160.0,448.0,True,335,Zangoose
442,336,seviper,336,27,525,160.0,449.0,True,336,Seviper
443,337,lunatone,337,10,1680,161.0,450.0,True,337,Lunatone
444,338,solrock,338,12,1540,161.0,451.0,True,338,Solrock
445,339,barboach,339,4,19,58.0,452.0,True,339,Barboach
446,340,whiscash,340,9,236,164.0,453.0,True,340,Whiscash
447,341,corphish,341,6,115,62.0,454.0,True,341,Corphish
448,342,crawdaunt,342,11,328,164.0,455.0,True,342,Crawdaunt
449,343,baltoy,343,5,215,60.0,456.0,True,343,Baltoy
450,344,claydol,344,15,1080,175.0,457.0,True,344,Claydol
451,345,lileep,345,10,238,71.0,458.0,True,345,Lileep
452,346,cradily,346,15,604,173.0,459.0,True,346,Cradily
453,347,anorith,347,7,125,71.0,460.0,True,347,Anorith
454,348,armaldo,348,15,682,173.0,461.0,True,348,Armaldo
455,349,feebas,349,6,74,40.0,462.0,True,349,Feebas
456,350,milotic,350,62,1620,189.0,463.0,True,350,Milotic
457,351,castform,351,3,8,147.0,464.0,True,351,Castform
458,10013,castform-sunny,351,3,8,147.0,465.0,False,351,Castform
459,10014,castform-rainy,351,3,8,147.0,466.0,False,351,Castform
460,10015,castform-snowy,351,3,8,147.0,467.0,False,351,Castform
461,352,kecleon,352,10,220,154.0,468.0,True,352,Kecleon
462,353,shuppet,353,6,23,59.0,469.0,True,353,Shuppet
463,354,banette,354,11,125,159.0,470.0,True,354,Banette
464,10056,banette-mega,354,12,130,194.0,471.0,False,354,Banette
465,355,duskull,355,8,150,59.0,472.0,True,355,Duskull
466,356,dusclops,356,16,306,159.0,473.0,True,356,Dusclops
467,357,tropius,357,20,1000,161.0,475.0,True,357,Tropius
468,358,chimecho,358,6,10,159.0,477.0,True,358,Chimecho
469,359,absol,359,12,470,163.0,478.0,True,359,Absol
470,10057,absol-mega,359,12,490,198.0,479.0,False,359,Absol
471,360,wynaut,360,6,140,52.0,298.0,True,360,Wynaut
472,361,snorunt,361,7,168,60.0,480.0,True,361,Snorunt
473,362,glalie,362,15,2565,168.0,481.0,True,362,Glalie
474,10074,glalie-mega,362,21,3502,203.0,482.0,False,362,Glalie
475,363,spheal,363,8,395,58.0,484.0,True,363,Spheal
476,364,sealeo,364,11,876,144.0,485.0,True,364,Sealeo
477,365,walrein,365,14,1506,265.0,486.0,True,365,Walrein
478,366,clamperl,366,4,525,69.0,487.0,True,366,Clamperl
479,367,huntail,367,17,270,170.0,488.0,True,367,Huntail
480,368,gorebyss,368,18,226,170.0,489.0,True,368,Gorebyss
481,369,relicanth,369,10,234,170.0,490.0,True,369,Relicanth
482,370,luvdisc,370,6,87,116.0,491.0,True,370,Luvdisc
483,371,bagon,371,6,421,60.0,492.0,True,371,Bagon
484,372,shelgon,372,11,1105,147.0,493.0,True,372,Shelgon
485,373,salamence,373,15,1026,300.0,494.0,True,373,Salamence
486,10089,salamence-mega,373,18,1126,315.0,495.0,False,373,Salamence
487,374,beldum,374,6,952,60.0,496.0,True,374,Beldum
488,375,metang,375,12,2025,147.0,497.0,True,375,Metang
489,376,metagross,376,16,5500,300.0,498.0,True,376,Metagross
490,10076,metagross-mega,376,25,9429,315.0,499.0,False,376,Metagross
491,377,regirock,377,17,2300,290.0,500.0,True,377,Regirock
492,378,regice,378,18,1750,290.0,501.0,True,378,Regice
493,379,registeel,379,19,2050,290.0,502.0,True,379,Registeel
494,380,latias,380,14,400,300.0,503.0,True,380,Latias
495,10062,latias-mega,380,18,520,315.0,504.0,False,380,Latias
496,381,latios,381,20,600,300.0,505.0,True,381,Latios
497,10063,latios-mega,381,23,700,315.0,506.0,False,381,Latios
498,382,kyogre,382,45,3520,335.0,507.0,True,382,Kyogre
499,10077,kyogre-primal,382,98,4300,347.0,508.0,False,382,Kyogre
500,383,groudon,383,35,9500,335.0,509.0,True,383,Groudon
501,10078,groudon-primal,383,50,9997,347.0,510.0,False,383,Groudon
502,384,rayquaza,384,70,2065,340.0,511.0,True,384,Rayquaza
503,10079,rayquaza-mega,384,108,3920,351.0,512.0,False,384,Rayquaza
504,385,jirachi,385,3,11,300.0,513.0,True,385,Jirachi
505,386,deoxys-normal,386,17,608,270.0,514.0,True,386,Deoxys
506,10001,deoxys-attack,386,17,608,270.0,515.0,False,386,Deoxys
507,10002,deoxys-defense,386,17,608,270.0,516.0,False,386,Deoxys
508,10003,deoxys-speed,386,17,608,270.0,517.0,False,386,Deoxys
509,387,turtwig,387,4,102,64.0,518.0,True,387,Turtwig
510,388,grotle,388,11,970,142.0,519.0,True,388,Grotle
511,389,torterra,389,22,3100,236.0,520.0,True,389,Torterra
512,390,chimchar,390,5,62,62.0,521.0,True,390,Chimchar
513,391,monferno,391,9,220,142.0,522.0,True,391,Monferno
514,392,infernape,392,12,550,240.0,523.0,True,392,Infernape
515,393,piplup,393,4,52,63.0,524.0,True,393,Piplup
516,394,prinplup,394,8,230,142.0,525.0,True,394,Prinplup
517,395,empoleon,395,17,845,239.0,526.0,True,395,Empoleon
518,396,starly,396,3,20,49.0,527.0,True,396,Starly
519,397,staravia,397,6,155,119.0,528.0,True,397,Staravia
520,398,staraptor,398,12,249,218.0,529.0,True,398,Staraptor
521,399,bidoof,399,5,200,50.0,530.0,True,399,Bidoof
522,400,bibarel,400,10,315,144.0,531.0,True,400,Bibarel
523,401,kricketot,401,3,22,39.0,532.0,True,401,Kricketot
524,402,kricketune,402,10,255,134.0,533.0,True,402,Kricketune
525,403,shinx,403,5,95,53.0,534.0,True,403,Shinx
526,404,luxio,404,9,305,127.0,535.0,True,404,Luxio
527,405,luxray,405,14,420,262.0,536.0,True,405,Luxray
528,406,budew,406,2,12,56.0,423.0,True,406,Budew
529,407,roserade,407,9,145,258.0,425.0,True,407,Roserade
530,408,cranidos,408,9,315,70.0,537.0,True,408,Cranidos
531,409,rampardos,409,16,1025,173.0,538.0,True,409,Rampardos
532,410,shieldon,410,5,570,70.0,539.0,True,410,Shieldon
533,411,bastiodon,411,13,1495,173.0,540.0,True,411,Bastiodon
534,412,burmy,412,2,34,45.0,541.0,True,412,Burmy
535,413,wormadam-plant,413,5,65,148.0,542.0,True,413,Wormadam
536,10004,wormadam-sandy,413,5,65,148.0,543.0,False,413,Wormadam
537,10005,wormadam-trash,413,5,65,148.0,544.0,False,413,Wormadam
538,414,mothim,414,9,233,148.0,545.0,True,414,Mothim
539,415,combee,415,3,55,49.0,546.0,True,415,Combee
540,416,vespiquen,416,12,385,166.0,547.0,True,416,Vespiquen
541,417,pachirisu,417,4,39,142.0,548.0,True,417,Pachirisu
542,418,buizel,418,7,295,66.0,549.0,True,418,Buizel
543,419,floatzel,419,11,335,173.0,550.0,True,419,Floatzel
544,420,cherubi,420,4,33,55.0,551.0,True,420,Cherubi
545,421,cherrim,421,5,93,158.0,552.0,True,421,Cherrim
546,422,shellos,422,3,63,65.0,553.0,True,422,Shellos
547,423,gastrodon,423,9,299,166.0,554.0,True,423,Gastrodon
548,424,ambipom,424,12,203,169.0,286.0,True,424,Ambipom
549,425,drifloon,425,4,12,70.0,555.0,True,425,Drifloon
550,426,drifblim,426,12,150,174.0,556.0,True,426,Drifblim
551,427,buneary,427,4,55,70.0,557.0,True,427,Buneary
552,428,lopunny,428,12,333,168.0,558.0,True,428,Lopunny
553,10088,lopunny-mega,428,13,283,203.0,559.0,False,428,Lopunny
554,429,mismagius,429,9,44,173.0,296.0,True,429,Mismagius
555,430,honchkrow,430,9,273,177.0,294.0,True,430,Honchkrow
556,431,glameow,431,5,39,62.0,560.0,True,431,Glameow
557,432,purugly,432,10,438,158.0,561.0,True,432,Purugly
558,433,chingling,433,2,6,57.0,476.0,True,433,Chingling
559,434,stunky,434,4,192,66.0,562.0,True,434,Stunky
560,435,skuntank,435,10,380,168.0,563.0,True,435,Skuntank
561,436,bronzor,436,5,605,60.0,564.0,True,436,Bronzor
562,437,bronzong,437,13,1870,175.0,565.0,True,437,Bronzong
563,438,bonsly,438,5,150,58.0,280.0,True,438,Bonsly
564,439,mime-jr,439,6,130,62.0,193.0,True,439,Mime Jr.
565,440,happiny,440,6,244,110.0,179.0,True,440,Happiny
566,441,chatot,441,5,19,144.0,566.0,True,441,Chatot
567,442,spiritomb,442,10,1080,170.0,567.0,True,442,Spiritomb
568,443,gible,443,7,205,60.0,568.0,True,443,Gible
569,444,gabite,444,14,560,144.0,569.0,True,444,Gabite
570,445,garchomp,445,19,950,300.0,570.0,True,445,Garchomp
571,10058,garchomp-mega,445,19,950,315.0,571.0,False,445,Garchomp
572,446,munchlax,446,6,1050,78.0,234.0,True,446,Munchlax
573,447,riolu,447,7,202,57.0,572.0,True,447,Riolu
574,448,lucario,448,12,540,184.0,573.0,True,448,Lucario
575,10059,lucario-mega,448,13,575,219.0,574.0,False,448,Lucario
576,449,hippopotas,449,8,495,66.0,575.0,True,449,Hippopotas
577,450,hippowdon,450,20,3000,184.0,576.0,True,450,Hippowdon
578,451,skorupi,451,8,120,66.0,577.0,True,451,Skorupi
579,452,drapion,452,13,615,175.0,578.0,True,452,Drapion
580,453,croagunk,453,7,230,60.0,579.0,True,453,Croagunk
581,454,toxicroak,454,13,444,172.0,580.0,True,454,Toxicroak
582,455,carnivine,455,14,270,159.0,581.0,True,455,Carnivine
583,456,finneon,456,4,70,66.0,582.0,True,456,Finneon
584,457,lumineon,457,12,240,161.0,583.0,True,457,Lumineon
585,458,mantyke,458,10,650,69.0,326.0,True,458,Mantyke
586,459,snover,459,10,505,67.0,584.0,True,459,Snover
587,460,abomasnow,460,22,1355,173.0,585.0,True,460,Abomasnow
588,10060,abomasnow-mega,460,27,1850,208.0,586.0,False,460,Abomasnow
589,461,weavile,461,11,340,179.0,313.0,True,461,Weavile
590,462,magnezone,462,12,1800,268.0,134.0,True,462,Magnezone
591,463,lickilicky,463,17,1400,180.0,172.0,True,463,Lickilicky
592,464,rhyperior,464,24,2828,268.0,178.0,True,464,Rhyperior
593,465,tangrowth,465,20,1286,187.0,183.0,True,465,Tangrowth
594,466,electivire,466,18,1386,270.0,203.0,True,466,Electivire
595,467,magmortar,467,16,680,270.0,206.0,True,467,Magmortar
596,468,togekiss,468,15,380,273.0,270.0,True,468,Togekiss
597,469,yanmega,469,19,515,180.0,290.0,True,469,Yanmega
598,470,leafeon,470,10,255,184.0,222.0,True,470,Leafeon
599,471,glaceon,471,8,259,184.0,223.0,True,471,Glaceon
600,472,gliscor,472,20,425,179.0,305.0,True,472,Gliscor
601,473,mamoswine,473,25,2910,265.0,320.0,True,473,Mamoswine
602,474,porygon-z,474,9,340,268.0,227.0,True,474,Porygon-Z
603,475,gallade,475,16,520,259.0,384.0,True,475,Gallade
604,10068,gallade-mega,475,16,564,278.0,385.0,False,475,Gallade
605,476,probopass,476,14,3400,184.0,402.0,True,476,Probopass
606,477,dusknoir,477,22,1066,263.0,474.0,True,477,Dusknoir
607,478,froslass,478,13,266,168.0,483.0,True,478,Froslass
608,479,rotom,479,3,3,154.0,587.0,True,479,Rotom
609,10008,rotom-heat,479,3,3,182.0,588.0,False,479,Rotom
610,10009,rotom-wash,479,3,3,182.0,589.0,False,479,Rotom
611,10010,rotom-frost,479,3,3,182.0,590.0,False,479,Rotom
612,10011,rotom-fan,479,3,3,182.0,591.0,False,479,Rotom
613,10012,rotom-mow,479,3,3,182.0,592.0,False,479,Rotom
614,480,uxie,480,3,3,290.0,593.0,True,480,Uxie
615,481,mesprit,481,3,3,290.0,594.0,True,481,Mesprit
616,482,azelf,482,3,3,290.0,595.0,True,482,Azelf
617,483,dialga,483,54,6830,340.0,596.0,True,483,Dialga
618,10245,dialga-origin,483,70,8487,,,False,483,Dialga
619,484,palkia,484,42,3360,340.0,597.0,True,484,Palkia
620,10246,palkia-origin,484,63,6590,,,False,484,Palkia
621,485,heatran,485,17,4300,300.0,598.0,True,485,Heatran
622,486,regigigas,486,37,4200,335.0,599.0,True,486,Regigigas
623,487,giratina-altered,487,45,7500,340.0,600.0,True,487,Giratina
624,10007,giratina-origin,487,69,6500,340.0,601.0,False,487,Giratina
625,488,cresselia,488,15,856,300.0,602.0,True,488,Cresselia
626,489,phione,489,4,31,216.0,603.0,True,489,Phione
627,490,manaphy,490,3,14,270.0,604.0,True,490,Manaphy
628,491,darkrai,491,15,505,270.0,605.0,True,491,Darkrai
629,492,shaymin-land,492,2,21,270.0,606.0,True,492,Shaymin
630,10006,shaymin-sky,492,4,52,270.0,607.0,False,492,Shaymin
631,493,arceus,493,32,3200,324.0,608.0,True,493,Arceus
632,494,victini,494,4,40,300.0,609.0,True,494,Victini
633,495,snivy,495,6,81,62.0,610.0,True,495,Snivy
634,496,servine,496,8,160,145.0,611.0,True,496,Servine
635,497,serperior,497,33,630,238.0,612.0,True,497,Serperior
636,498,tepig,498,5,99,62.0,613.0,True,498,Tepig
637,499,pignite,499,10,555,146.0,614.0,True,499,Pignite
638,500,emboar,500,16,1500,238.0,615.0,True,500,Emboar
639,501,oshawott,501,5,59,62.0,616.0,True,501,Oshawott
640,502,dewott,502,8,245,145.0,617.0,True,502,Dewott
641,503,samurott,503,15,946,238.0,618.0,True,503,Samurott
642,10236,samurott-hisui,503,15,582,,,False,503,Samurott
643,504,patrat,504,5,116,51.0,619.0,True,504,Patrat
644,505,watchog,505,11,270,147.0,620.0,True,505,Watchog
645,506,lillipup,506,4,41,55.0,621.0,True,506,Lillipup
646,507,herdier,507,9,147,130.0,622.0,True,507,Herdier
647,508,stoutland,508,12,610,250.0,623.0,True,508,Stoutland
648,509,purrloin,509,4,101,56.0,624.0,True,509,Purrloin
649,510,liepard,510,11,375,156.0,625.0,True,510,Liepard
650,511,pansage,511,6,105,63.0,626.0,True,511,Pansage
651,512,simisage,512,11,305,174.0,627.0,True,512,Simisage
652,513,pansear,513,6,110,63.0,628.0,True,513,Pansear
653,514,simisear,514,10,280,174.0,629.0,True,514,Simisear
654,515,panpour,515,6,135,63.0,630.0,True,515,Panpour
655,516,simipour,516,10,290,174.0,631.0,True,516,Simipour
656,517,munna,517,6,233,58.0,632.0,True,517,Munna
657,518,musharna,518,11,605,170.0,633.0,True,518,Musharna
658,519,pidove,519,3,21,53.0,634.0,True,519,Pidove
659,520,tranquill,520,6,150,125.0,635.0,True,520,Tranquill
660,521,unfezant,521,12,290,244.0,636.0,True,521,Unfezant
661,522,blitzle,522,8,298,59.0,637.0,True,522,Blitzle
662,523,zebstrika,523,16,795,174.0,638.0,True,523,Zebstrika
663,524,roggenrola,524,4,180,56.0,639.0,True,524,Roggenrola
664,525,boldore,525,9,1020,137.0,640.0,True,525,Boldore
665,526,gigalith,526,17,2600,258.0,641.0,True,526,Gigalith
666,527,woobat,527,4,21,65.0,642.0,True,527,Woobat
667,528,swoobat,528,9,105,149.0,643.0,True,528,Swoobat
668,529,drilbur,529,3,85,66.0,644.0,True,529,Drilbur
669,530,excadrill,530,7,404,178.0,645.0,True,530,Excadrill
670,531,audino,531,11,310,390.0,646.0,True,531,Audino
671,10069,audino-mega,531,15,320,425.0,647.0,False,531,Audino
672,532,timburr,532,6,125,61.0,648.0,True,532,Timburr
673,533,gurdurr,533,12,400,142.0,649.0,True,533,Gurdurr
674,534,conkeldurr,534,14,870,253.0,650.0,True,534,Conkeldurr
675,535,tympole,535,5,45,59.0,651.0,True,535,Tympole
676,536,palpitoad,536,8,170,134.0,652.0,True,536,Palpitoad
677,537,seismitoad,537,15,620,255.0,653.0,True,537,Seismitoad
678,538,throh,538,13,555,163.0,654.0,True,538,Throh
679,539,sawk,539,14,510,163.0,655.0,True,539,Sawk
680,540,sewaddle,540,3,25,62.0,656.0,True,540,Sewaddle
681,541,swadloon,541,5,73,133.0,657.0,True,541,Swadloon
682,542,leavanny,542,12,205,225.0,658.0,True,542,Leavanny
683,543,venipede,543,4,53,52.0,659.0,True,543,Venipede
684,544,whirlipede,544,12,585,126.0,660.0,True,544,Whirlipede
685,545,scolipede,545,25,2005,243.0,661.0,True,545,Scolipede
686,546,cottonee,546,3,6,56.0,662.0,True,546,Cottonee
687,547,whimsicott,547,7,66,168.0,663.0,True,547,Whimsicott
688,548,petilil,548,5,66,56.0,664.0,True,548,Petilil
689,549,lilligant,549,11,163,168.0,665.0,True,549,Lilligant
690,10237,lilligant-hisui,549,12,192,,,False,549,Lilligant
691,550,basculin-red-striped,550,10,180,161.0,666.0,True,550,Basculin
692,10016,basculin-blue-striped,550,10,180,161.0,667.0,False,550,Basculin
693,10247,basculin-white-striped,550,10,180,,,False,550,Basculin
694,551,sandile,551,7,152,58.0,668.0,True,551,Sandile
695,552,krokorok,552,10,334,123.0,669.0,True,552,Krokorok
696,553,krookodile,553,15,963,260.0,670.0,True,553,Krookodile
697,554,darumaka,554,6,375,63.0,671.0,True,554,Darumaka
698,10176,darumaka-galar,554,7,400,63.0,672.0,False,554,Darumaka
699,555,darmanitan-standard,555,13,929,168.0,673.0,True,555,Darmanitan
700,10017,darmanitan-zen,555,13,929,189.0,674.0,False,555,Darmanitan
701,10177,darmanitan-galar-standard,555,17,1200,168.0,675.0,False,555,Darmanitan
702,10178,darmanitan-galar-zen,555,17,1200,189.0,676.0,False,555,Darmanitan
703,556,maractus,556,10,280,161.0,677.0,True,556,Maractus
704,557,dwebble,557,3,145,65.0,678.0,True,557,Dwebble
705,558,crustle,558,14,2000,170.0,679.0,True,558,Crustle
706,559,scraggy,559,6,118,70.0,680.0,True,559,Scraggy
707,560,scrafty,560,11,300,171.0,681.0,True,560,Scrafty
708,561,sigilyph,561,14,140,172.0,682.0,True,561,Sigilyph
709,562,yamask,562,5,15,61.0,683.0,True,562,Yamask
710,10179,yamask-galar,562,5,15,61.0,684.0,False,562,Yamask
711,563,cofagrigus,563,17,765,169.0,685.0,True,563,Cofagrigus
712,564,tirtouga,564,7,165,71.0,686.0,True,564,Tirtouga
713,565,carracosta,565,12,810,173.0,687.0,True,565,Carracosta
714,566,archen,566,5,95,71.0,688.0,True,566,Archen
715,567,archeops,567,14,320,177.0,689.0,True,567,Archeops
716,568,trubbish,568,6,310,66.0,690.0,True,568,Trubbish
717,569,garbodor,569,19,1073,166.0,691.0,True,569,Garbodor
718,10207,garbodor-gmax,569,210,10000,166.0,,False,569,Garbodor
719,570,zorua,570,7,125,66.0,692.0,True,570,Zorua
720,10238,zorua-hisui,570,7,125,,,False,570,Zorua
721,571,zoroark,571,16,811,179.0,693.0,True,571,Zoroark
722,10239,zoroark-hisui,571,16,730,,,False,571,Zoroark
723,572,minccino,572,4,58,60.0,694.0,True,572,Minccino
724,573,cinccino,573,5,75,165.0,695.0,True,573,Cinccino
725,574,gothita,574,4,58,58.0,696.0,True,574,Gothita
726,575,gothorita,575,7,180,137.0,697.0,True,575,Gothorita
727,576,gothitelle,576,15,440,245.0,698.0,True,576,Gothitelle
728,577,solosis,577,3,10,58.0,699.0,True,577,Solosis
729,578,duosion,578,6,80,130.0,700.0,True,578,Duosion
730,579,reuniclus,579,10,201,245.0,701.0,True,579,Reuniclus
731,580,ducklett,580,5,55,61.0,702.0,True,580,Ducklett
732,581,swanna,581,13,242,166.0,703.0,True,581,Swanna
733,582,vanillite,582,4,57,61.0,704.0,True,582,Vanillite
734,583,vanillish,583,11,410,138.0,705.0,True,583,Vanillish
735,584,vanilluxe,584,13,575,268.0,706.0,True,584,Vanilluxe
736,585,deerling,585,6,195,67.0,707.0,True,585,Deerling
737,586,sawsbuck,586,19,925,166.0,708.0,True,586,Sawsbuck
738,587,emolga,587,4,50,150.0,709.0,True,587,Emolga
739,588,karrablast,588,5,59,63.0,710.0,True,588,Karrablast
740,589,escavalier,589,10,330,173.0,711.0,True,589,Escavalier
741,590,foongus,590,2,10,59.0,712.0,True,590,Foongus
742,591,amoonguss,591,6,105,162.0,713.0,True,591,Amoonguss
743,592,frillish,592,12,330,67.0,714.0,True,592,Frillish
744,593,jellicent,593,22,1350,168.0,715.0,True,593,Jellicent
745,594,alomomola,594,12,316,165.0,716.0,True,594,Alomomola
746,595,joltik,595,1,6,64.0,717.0,True,595,Joltik
747,596,galvantula,596,8,143,165.0,718.0,True,596,Galvantula
748,597,ferroseed,597,6,188,61.0,719.0,True,597,Ferroseed
749,598,ferrothorn,598,10,1100,171.0,720.0,True,598,Ferrothorn
750,599,klink,599,3,210,60.0,721.0,True,599,Klink
751,600,klang,600,6,510,154.0,722.0,True,600,Klang
752,601,klinklang,601,6,810,260.0,723.0,True,601,Klinklang
753,602,tynamo,602,2,3,55.0,724.0,True,602,Tynamo
754,603,eelektrik,603,12,220,142.0,725.0,True,603,Eelektrik
755,604,eelektross,604,21,805,232.0,726.0,True,604,Eelektross
756,605,elgyem,605,5,90,67.0,727.0,True,605,Elgyem
757,606,beheeyem,606,10,345,170.0,728.0,True,606,Beheeyem
758,607,litwick,607,3,31,55.0,729.0,True,607,Litwick
759,608,lampent,608,6,130,130.0,730.0,True,608,Lampent
760,609,chandelure,609,10,343,260.0,731.0,True,609,Chandelure
761,610,axew,610,6,180,64.0,732.0,True,610,Axew
762,611,fraxure,611,10,360,144.0,733.0,True,611,Fraxure
763,612,haxorus,612,18,1055,270.0,734.0,True,612,Haxorus
764,613,cubchoo,613,5,85,61.0,735.0,True,613,Cubchoo
765,614,beartic,614,26,2600,177.0,736.0,True,614,Beartic
766,615,cryogonal,615,11,1480,180.0,737.0,True,615,Cryogonal
767,616,shelmet,616,4,77,61.0,738.0,True,616,Shelmet
768,617,accelgor,617,8,253,173.0,739.0,True,617,Accelgor
769,618,stunfisk,618,7,110,165.0,740.0,True,618,Stunfisk
770,10180,stunfisk-galar,618,7,205,165.0,741.0,False,618,Stunfisk
771,619,mienfoo,619,9,200,70.0,742.0,True,619,Mienfoo
772,620,mienshao,620,14,355,179.0,743.0,True,620,Mienshao
773,621,druddigon,621,16,1390,170.0,744.0,True,621,Druddigon
774,622,golett,622,10,920,61.0,745.0,True,622,Golett
775,623,golurk,623,28,3300,169.0,746.0,True,623,Golurk
776,624,pawniard,624,5,102,68.0,747.0,True,624,Pawniard
777,625,bisharp,625,16,700,172.0,748.0,True,625,Bisharp
778,626,bouffalant,626,16,946,172.0,749.0,True,626,Bouffalant
779,627,rufflet,627,5,105,70.0,750.0,True,627,Rufflet
780,628,braviary,628,15,410,179.0,751.0,True,628,Braviary
781,10240,braviary-hisui,628,17,434,,,False,628,Braviary
782,629,vullaby,629,5,90,74.0,752.0,True,629,Vullaby
783,630,mandibuzz,630,12,395,179.0,753.0,True,630,Mandibuzz
784,631,heatmor,631,14,580,169.0,754.0,True,631,Heatmor
785,632,durant,632,3,330,169.0,755.0,True,632,Durant
786,633,deino,633,8,173,60.0,756.0,True,633,Deino
787,634,zweilous,634,14,500,147.0,757.0,True,634,Zweilous
788,635,hydreigon,635,18,1600,300.0,758.0,True,635,Hydreigon
789,636,larvesta,636,11,288,72.0,759.0,True,636,Larvesta
790,637,volcarona,637,16,460,275.0,760.0,True,637,Volcarona
791,638,cobalion,638,21,2500,290.0,761.0,True,638,Cobalion
792,639,terrakion,639,19,2600,290.0,762.0,True,639,Terrakion
793,640,virizion,640,20,2000,290.0,763.0,True,640,Virizion
794,641,tornadus-incarnate,641,15,630,290.0,764.0,True,641,Tornadus
795,10019,tornadus-therian,641,14,630,290.0,765.0,False,641,Tornadus
796,642,thundurus-incarnate,642,15,610,290.0,766.0,True,642,Thundurus
797,10020,thundurus-therian,642,30,610,290.0,767.0,False,642,Thundurus
798,643,reshiram,643,32,3300,340.0,768.0,True,643,Reshiram
799,644,zekrom,644,29,3450,340.0,769.0,True,644,Zekrom
800,645,landorus-incarnate,645,15,680,300.0,770.0,True,645,Landorus
801,10021,landorus-therian,645,13,680,300.0,771.0,False,645,Landorus
802,646,kyurem,646,30,3250,330.0,772.0,True,646,Kyurem
803,10022,kyurem-black,646,33,3250,350.0,774.0,False,646,Kyurem
804,10023,kyurem-white,646,36,3250,350.0,773.0,False,646,Kyurem
805,647,keldeo-ordinary,647,14,485,290.0,775.0,True,647,Keldeo
806,10024,keldeo-resolute,647,14,485,290.0,776.0,False,647,Keldeo
807,648,meloetta-aria,648,6,65,270.0,777.0,True,648,Meloetta
808,10018,meloetta-pirouette,648,6,65,270.0,778.0,False,648,Meloetta
809,649,genesect,649,15,825,300.0,779.0,True,649,Genesect
810,650,chespin,650,4,90,63.0,780.0,True,650,Chespin
811,651,quilladin,651,7,290,142.0,781.0,True,651,Quilladin
812,652,chesnaught,652,16,900,239.0,782.0,True,652,Chesnaught
813,653,fennekin,653,4,94,61.0,783.0,True,653,Fennekin
814,654,braixen,654,10,145,143.0,784.0,True,654,Braixen
815,655,delphox,655,15,390,240.0,785.0,True,655,Delphox
816,656,froakie,656,3,70,63.0,786.0,True,656,Froakie
817,657,frogadier,657,6,109,142.0,787.0,True,657,Frogadier
818,658,greninja,658,15,400,239.0,788.0,True,658,Greninja
819,10116,greninja-battle-bond,658,15,400,239.0,789.0,False,658,Greninja
820,10117,greninja-ash,658,15,400,288.0,790.0,False,658,Greninja
821,659,bunnelby,659,4,50,47.0,791.0,True,659,Bunnelby
822,660,diggersby,660,10,424,148.0,792.0,True,660,Diggersby
823,661,fletchling,661,3,17,56.0,793.0,True,661,Fletchling
824,662,fletchinder,662,7,160,134.0,794.0,True,662,Fletchinder
825,663,talonflame,663,12,245,175.0,795.0,True,663,Talonflame
826,664,scatterbug,664,3,25,40.0,796.0,True,664,Scatterbug
827,665,spewpa,665,3,84,75.0,797.0,True,665,Spewpa
828,666,vivillon,666,12,170,185.0,798.0,True,666,Vivillon
829,667,litleo,667,6,135,74.0,799.0,True,667,Litleo
830,668,pyroar,668,15,815,177.0,800.0,True,668,Pyroar
831,669,flabebe,669,1,1,61.0,801.0,True,669,Flabébé
832,670,floette,670,2,9,130.0,802.0,True,670,Floette
833,10061,floette-eternal,670,2,9,243.0,803.0,False,670,Floette
834,671,florges,671,11,100,248.0,804.0,True,671,Florges
835,672,skiddo,672,9,310,70.0,805.0,True,672,Skiddo
836,673,gogoat,673,17,910,186.0,806.0,True,673,Gogoat
837,674,pancham,674,6,80,70.0,807.0,True,674,Pancham
838,675,pangoro,675,21,1360,173.0,808.0,True,675,Pangoro
839,676,furfrou,676,12,280,165.0,809.0,True,676,Furfrou
840,677,espurr,677,3,35,71.0,810.0,True,677,Espurr
841,678,meowstic-male,678,6,85,163.0,811.0,True,678,Meowstic
842,10025,meowstic-female,678,6,85,163.0,812.0,False,678,Meowstic
843,679,honedge,679,8,20,65.0,813.0,True,679,Honedge
844,680,doublade,680,8,45,157.0,814.0,True,680,Doublade
845,681,aegislash-shield,681,17,530,250.0,815.0,True,681,Aegislash
846,10026,aegislash-blade,681,17,530,250.0,816.0,False,681,Aegislash
847,682,spritzee,682,2,5,68.0,817.0,True,682,Spritzee
848,683,aromatisse,683,8,155,162.0,818.0,True,683,Aromatisse
849,684,swirlix,684,4,35,68.0,819.0,True,684,Swirlix
850,685,slurpuff,685,8,50,168.0,820.0,True,685,Slurpuff
851,686,inkay,686,4,35,58.0,821.0,True,686,Inkay
852,687,malamar,687,15,470,169.0,822.0,True,687,Malamar
853,688,binacle,688,5,310,61.0,823.0,True,688,Binacle
854,689,barbaracle,689,13,960,175.0,824.0,True,689,Barbaracle
855,690,skrelp,690,5,73,64.0,825.0,True,690,Skrelp
856,691,dragalge,691,18,815,173.0,826.0,True,691,Dragalge
857,692,clauncher,692,5,83,66.0,827.0,True,692,Clauncher
858,693,clawitzer,693,13,353,100.0,828.0,True,693,Clawitzer
859,694,helioptile,694,5,60,58.0,829.0,True,694,Helioptile
860,695,heliolisk,695,10,210,168.0,830.0,True,695,Heliolisk
861,696,tyrunt,696,8,260,72.0,831.0,True,696,Tyrunt
862,697,tyrantrum,697,25,2700,182.0,832.0,True,697,Tyrantrum
863,698,amaura,698,13,252,72.0,833.0,True,698,Amaura
864,699,aurorus,699,27,2250,104.0,834.0,True,699,Aurorus
865,700,sylveon,700,10,235,184.0,224.0,True,700,Sylveon
866,701,hawlucha,701,8,215,175.0,835.0,True,701,Hawlucha
867,702,dedenne,702,2,22,151.0,836.0,True,702,Dedenne
868,703,carbink,703,3,57,100.0,837.0,True,703,Carbink
869,704,goomy,704,3,28,60.0,838.0,True,704,Goomy
870,705,sliggoo,705,8,175,158.0,839.0,True,705,Sliggoo
871,10241,sliggoo-hisui,705,7,685,,,False,705,Sliggoo
872,706,goodra,706,20,1505,300.0,840.0,True,706,Goodra
873,10242,goodra-hisui,706,17,3341,,,False,706,Goodra
874,707,klefki,707,2,30,165.0,841.0,True,707,Klefki
875,708,phantump,708,4,70,62.0,842.0,True,708,Phantump
876,709,trevenant,709,15,710,166.0,843.0,True,709,Trevenant
877,710,pumpkaboo-average,710,4,50,67.0,844.0,True,710,Pumpkaboo
878,10027,pumpkaboo-small,710,3,35,67.0,845.0,False,710,Pumpkaboo
879,10028,pumpkaboo-large,710,5,75,67.0,846.0,False,710,Pumpkaboo
880,10029,pumpkaboo-super,710,8,150,67.0,847.0,False,710,Pumpkaboo
881,711,gourgeist-average,711,9,125,173.0,848.0,True,711,Gourgeist
882,10030,gourgeist-small,711,7,95,173.0,849.0,False,711,Gourgeist
883,10031,gourgeist-large,711,11,140,173.0,850.0,False,711,Gourgeist
884,10032,gourgeist-super,711,17,390,173.0,851.0,False,711,Gourgeist
885,712,bergmite,712,10,995,61.0,852.0,True,712,Bergmite
886,713,avalugg,713,20,5050,180.0,853.0,True,713,Avalugg
887,10243,avalugg-hisui,713,14,2624,,,False,713,Avalugg
888,714,noibat,714,5,80,49.0,854.0,True,714,Noibat
889,715,noivern,715,15,850,187.0,855.0,True,715,Noivern
890,716,xerneas,716,30,2150,340.0,856.0,True,716,Xerneas
891,717,yveltal,717,58,2030,340.0,857.0,True,717,Yveltal
892,718,zygarde-50,718,50,3050,300.0,858.0,True,718,Zygarde
893,10118,zygarde-10-power-construct,718,12,335,243.0,860.0,False,718,Zygarde
894,10119,zygarde-50-power-construct,718,50,3050,300.0,861.0,False,718,Zygarde
895,10120,zygarde-complete,718,45,6100,354.0,862.0,False,718,Zygarde
896,10181,zygarde-10,718,12,335,243.0,859.0,False,718,Zygarde
897,719,diancie,719,7,88,300.0,863.0,True,719,Diancie
898,10075,diancie-mega,719,11,278,315.0,864.0,False,719,Diancie
899,720,hoopa,720,5,90,270.0,865.0,True,720,Hoopa
900,10086,hoopa-unbound,720,65,4900,306.0,866.0,False,720,Hoopa
901,721,volcanion,721,17,1950,300.0,867.0,True,721,Volcanion
902,722,rowlet,722,3,15,64.0,868.0,True,722,Rowlet
903,723,dartrix,723,7,160,147.0,869.0,True,723,Dartrix
904,724,decidueye,724,16,366,265.0,870.0,True,724,Decidueye
905,10244,decidueye-hisui,724,16,370,,,False,724,Decidueye
906,725,litten,725,4,43,64.0,871.0,True,725,Litten
907,726,torracat,726,7,250,147.0,872.0,True,726,Torracat
908,727,incineroar,727,18,830,265.0,873.0,True,727,Incineroar
909,728,popplio,728,4,75,64.0,874.0,True,728,Popplio
910,729,brionne,729,6,175,147.0,875.0,True,729,Brionne
911,730,primarina,730,18,440,265.0,876.0,True,730,Primarina
912,731,pikipek,731,3,12,53.0,877.0,True,731,Pikipek
913,732,trumbeak,732,6,148,124.0,878.0,True,732,Trumbeak
914,733,toucannon,733,11,260,218.0,879.0,True,733,Toucannon
915,734,yungoos,734,4,60,51.0,880.0,True,734,Yungoos
916,735,gumshoos,735,7,142,146.0,881.0,True,735,Gumshoos
917,10121,gumshoos-totem,735,14,600,146.0,882.0,False,735,Gumshoos
918,736,grubbin,736,4,44,60.0,883.0,True,736,Grubbin
919,737,charjabug,737,5,105,140.0,884.0,True,737,Charjabug
920,738,vikavolt,738,15,450,250.0,885.0,True,738,Vikavolt
921,10122,vikavolt-totem,738,26,1475,225.0,886.0,False,738,Vikavolt
922,739,crabrawler,739,6,70,68.0,887.0,True,739,Crabrawler
923,740,crabominable,740,17,1800,167.0,888.0,True,740,Crabominable
924,741,oricorio-baile,741,6,34,167.0,889.0,True,741,Oricorio
925,10123,oricorio-pom-pom,741,6,34,167.0,890.0,False,741,Oricorio
926,10124,oricorio-pau,741,6,34,167.0,891.0,False,741,Oricorio
927,10125,oricorio-sensu,741,6,34,167.0,892.0,False,741,Oricorio
928,742,cutiefly,742,1,2,61.0,893.0,True,742,Cutiefly
929,743,ribombee,743,2,5,162.0,894.0,True,743,Ribombee
930,10150,ribombee-totem,743,4,20,162.0,895.0,False,743,Ribombee
931,744,rockruff,744,5,92,56.0,896.0,True,744,Rockruff
932,10151,rockruff-own-tempo,744,5,92,56.0,897.0,False,744,Rockruff
933,745,lycanroc-midday,745,8,250,170.0,898.0,True,745,Lycanroc
934,10126,lycanroc-midnight,745,11,250,170.0,899.0,False,745,Lycanroc
935,10152,lycanroc-dusk,745,8,250,170.0,900.0,False,745,Lycanroc
936,746,wishiwashi-solo,746,2,3,61.0,901.0,True,746,Wishiwashi
937,10127,wishiwashi-school,746,82,786,217.0,902.0,False,746,Wishiwashi
938,747,mareanie,747,4,80,61.0,903.0,True,747,Mareanie
939,748,toxapex,748,7,145,173.0,904.0,True,748,Toxapex
940,749,mudbray,749,10,1100,77.0,905.0,True,749,Mudbray
941,750,mudsdale,750,25,9200,175.0,906.0,True,750,Mudsdale
942,751,dewpider,751,3,40,54.0,907.0,True,751,Dewpider
943,752,araquanid,752,18,820,159.0,908.0,True,752,Araquanid
944,10153,araquanid-totem,752,31,2175,159.0,909.0,False,752,Araquanid
945,753,fomantis,753,3,15,50.0,910.0,True,753,Fomantis
946,754,lurantis,754,9,185,168.0,911.0,True,754,Lurantis
947,10128,lurantis-totem,754,15,580,168.0,912.0,False,754,Lurantis
948,755,morelull,755,2,15,57.0,913.0,True,755,Morelull
949,756,shiinotic,756,10,115,142.0,914.0,True,756,Shiinotic
950,757,salandit,757,6,48,64.0,915.0,True,757,Salandit
951,758,salazzle,758,12,222,168.0,916.0,True,758,Salazzle
952,10129,salazzle-totem,758,21,810,168.0,917.0,False,758,Salazzle
953,759,stufful,759,5,68,68.0,918.0,True,759,Stufful
954,760,bewear,760,21,1350,175.0,919.0,True,760,Bewear
955,761,bounsweet,761,3,32,42.0,920.0,True,761,Bounsweet
956,762,steenee,762,7,82,102.0,921.0,True,762,Steenee
957,763,tsareena,763,12,214,255.0,922.0,True,763,Tsareena
958,764,comfey,764,1,3,170.0,923.0,True,764,Comfey
959,765,oranguru,765,15,760,172.0,924.0,True,765,Oranguru
960,766,passimian,766,20,828,172.0,925.0,True,766,Passimian
961,767,wimpod,767,5,120,46.0,926.0,True,767,Wimpod
962,768,golisopod,768,20,1080,186.0,927.0,True,768,Golisopod
963,769,sandygast,769,5,700,64.0,928.0,True,769,Sandygast
964,770,palossand,770,13,2500,168.0,929.0,True,770,Palossand
965,771,pyukumuku,771,3,12,144.0,930.0,True,771,Pyukumuku
966,772,type-null,772,19,1205,107.0,931.0,True,772,Código Cero
967,773,silvally,773,23,1005,285.0,932.0,True,773,Silvally
968,774,minior-red-meteor,774,3,400,154.0,933.0,True,774,Minior
969,10130,minior-orange-meteor,774,3,400,154.0,934.0,False,774,Minior
970,10131,minior-yellow-meteor,774,3,400,154.0,935.0,False,774,Minior
971,10132,minior-green-meteor,774,3,400,154.0,936.0,False,774,Minior
972,10133,minior-blue-meteor,774,3,400,154.0,937.0,False,774,Minior
973,10134,minior-indigo-meteor,774,3,400,154.0,938.0,False,774,Minior
974,10135,minior-violet-meteor,774,3,400,154.0,939.0,False,774,Minior
975,10136,minior-red,774,3,3,175.0,940.0,False,774,Minior
976,10137,minior-orange,774,3,3,175.0,941.0,False,774,Minior
977,10138,minior-yellow,774,3,3,175.0,942.0,False,774,Minior
978,10139,minior-green,774,3,3,175.0,943.0,False,774,Minior
979,10140,minior-blue,774,3,3,175.0,944.0,False,774,Minior
980,10141,minior-indigo,774,3,3,175.0,945.0,False,774,Minior
981,10142,minior-violet,774,3,3,175.0,946.0,False,774,Minior
982,775,komala,775,4,199,168.0,947.0,True,775,Komala
983,776,turtonator,776,20,2120,170.0,948.0,True,776,Turtonator
984,777,togedemaru,777,3,33,152.0,949.0,True,777,Togedemaru
985,10154,togedemaru-totem,777,6,130,152.0,950.0,False,777,Togedemaru
986,778,mimikyu-disguised,778,2,7,167.0,951.0,True,778,Mimikyu
987,10143,mimikyu-busted,778,2,7,167.0,952.0,False,778,Mimikyu
988,10144,mimikyu-totem-disguised,778,4,28,167.0,953.0,False,778,Mimikyu
989,10145,mimikyu-totem-busted,778,4,28,167.0,954.0,False,778,Mimikyu
990,779,bruxish,779,9,190,166.0,955.0,True,779,Bruxish
991,780,drampa,780,30,1850,170.0,956.0,True,780,Drampa
992,781,dhelmise,781,39,2100,181.0,957.0,True,781,Dhelmise
993,782,jangmo-o,782,6,297,60.0,958.0,True,782,Jangmo-o
994,783,hakamo-o,783,12,470,147.0,959.0,True,783,Hakamo-o
995,784,kommo-o,784,16,782,300.0,960.0,True,784,Kommo-o
996,10146,kommo-o-totem,784,24,2075,270.0,961.0,False,784,Kommo-o
997,785,tapu-koko,785,18,205,285.0,962.0,True,785,Tapu Koko
998,786,tapu-lele,786,12,186,285.0,963.0,True,786,Tapu Lele
999,787,tapu-bulu,787,19,455,285.0,964.0,True,787,Tapu Bulu
1000,788,tapu-fini,788,13,212,285.0,965.0,True,788,Tapu Fini
1001,789,cosmog,789,2,1,40.0,966.0,True,789,Cosmog
1002,790,cosmoem,790,1,9999,140.0,967.0,True,790,Cosmoem
1003,791,solgaleo,791,34,2300,340.0,968.0,True,791,Solgaleo
1004,792,lunala,792,40,1200,340.0,969.0,True,792,Lunala
1005,793,nihilego,793,12,555,285.0,970.0,True,793,Nihilego
1006,794,buzzwole,794,24,3336,285.0,971.0,True,794,Buzzwole
1007,795,pheromosa,795,18,250,285.0,972.0,True,795,Pheromosa
1008,796,xurkitree,796,38,1000,285.0,973.0,True,796,Xurkitree
1009,797,celesteela,797,92,9999,285.0,974.0,True,797,Celesteela
1010,798,kartana,798,3,1,285.0,975.0,True,798,Kartana
1011,799,guzzlord,799,55,8880,285.0,976.0,True,799,Guzzlord
1012,800,necrozma,800,24,2300,300.0,977.0,True,800,Necrozma
1013,10155,necrozma-dusk,800,38,4600,340.0,978.0,False,800,Necrozma
1014,10156,necrozma-dawn,800,42,3500,340.0,979.0,False,800,Necrozma
1015,10157,necrozma-ultra,800,75,2300,339.0,980.0,False,800,Necrozma
1016,801,magearna,801,10,805,300.0,981.0,True,801,Magearna
1017,10147,magearna-original,801,10,805,300.0,982.0,False,801,Magearna
1018,802,marshadow,802,7,222,300.0,983.0,True,802,Marshadow
1019,803,poipole,803,6,18,210.0,984.0,True,803,Poipole
1020,804,naganadel,804,36,1500,270.0,985.0,True,804,Naganadel
1021,805,stakataka,805,55,8200,285.0,986.0,True,805,Stakataka
1022,806,blacephalon,806,18,130,285.0,987.0,True,806,Blacephalon
1023,807,zeraora,807,15,445,300.0,988.0,True,807,Zeraora
1024,808,meltan,808,2,80,150.0,989.0,True,808,Meltan
1025,809,melmetal,809,25,8000,300.0,990.0,True,809,Melmetal
1026,10208,melmetal-gmax,809,250,10000,270.0,,False,809,Melmetal
1027,810,grookey,810,3,50,62.0,991.0,True,810,Grookey
1028,811,thwackey,811,7,140,147.0,992.0,True,811,Thwackey
1029,812,rillaboom,812,21,900,265.0,993.0,True,812,Rillaboom
1030,10209,rillaboom-gmax,812,280,10000,265.0,,False,812,Rillaboom
1031,813,scorbunny,813,3,45,62.0,994.0,True,813,Scorbunny
1032,814,raboot,814,6,90,147.0,995.0,True,814,Raboot
1033,815,cinderace,815,14,330,265.0,996.0,True,815,Cinderace
1034,10210,cinderace-gmax,815,270,10000,265.0,,False,815,Cinderace
1035,816,sobble,816,3,40,62.0,997.0,True,816,Sobble
1036,817,drizzile,817,7,115,147.0,998.0,True,817,Drizzile
1037,818,inteleon,818,19,452,265.0,999.0,True,818,Inteleon
1038,10211,inteleon-gmax,818,400,10000,265.0,,False,818,Inteleon
1039,819,skwovet,819,3,25,55.0,1000.0,True,819,Skwovet
1040,820,greedent,820,6,60,161.0,1001.0,True,820,Greedent
1041,821,rookidee,821,2,18,49.0,1002.0,True,821,Rookidee
1042,822,corvisquire,822,8,160,128.0,1003.0,True,822,Corvisquire
1043,823,corviknight,823,22,750,248.0,1004.0,True,823,Corviknight
1044,10212,corviknight-gmax,823,140,10000,248.0,,False,823,Corviknight
1045,824,blipbug,824,4,80,36.0,1005.0,True,824,Blipbug
1046,825,dottler,825,4,195,117.0,1006.0,True,825,Dottler
1047,826,orbeetle,826,4,408,253.0,1007.0,True,826,Orbeetle
1048,10213,orbeetle-gmax,826,140,10000,253.0,,False,826,Orbeetle
1049,827,nickit,827,6,89,49.0,1008.0,True,827,Nickit
1050,828,thievul,828,12,199,159.0,1009.0,True,828,Thievul
1051,829,gossifleur,829,4,22,50.0,1010.0,True,829,Gossifleur
1052,830,eldegoss,830,5,25,161.0,1011.0,True,830,Eldegoss
1053,831,wooloo,831,6,60,122.0,1012.0,True,831,Wooloo
1054,832,dubwool,832,13,430,172.0,1013.0,True,832,Dubwool
1055,833,chewtle,833,3,85,57.0,1014.0,True,833,Chewtle
1056,834,drednaw,834,10,1155,170.0,1015.0,True,834,Drednaw
1057,10214,drednaw-gmax,834,240,10000,170.0,,False,834,Drednaw
1058,835,yamper,835,3,135,54.0,1016.0,True,835,Yamper
1059,836,boltund,836,10,340,172.0,1017.0,True,836,Boltund
1060,837,rolycoly,837,3,120,48.0,1018.0,True,837,Rolycoly
1061,838,carkol,838,11,780,144.0,1019.0,True,838,Carkol
1062,839,coalossal,839,28,3105,255.0,1020.0,True,839,Coalossal
1063,10215,coalossal-gmax,839,420,10000,255.0,,False,839,Coalossal
1064,840,applin,840,2,5,52.0,1021.0,True,840,Applin
1065,841,flapple,841,3,10,170.0,1022.0,True,841,Flapple
1066,10216,flapple-gmax,841,240,10000,170.0,,False,841,Flapple
1067,842,appletun,842,4,130,170.0,1023.0,True,842,Appletun
1068,10217,appletun-gmax,842,240,10000,170.0,,False,842,Appletun
1069,843,silicobra,843,22,76,63.0,1024.0,True,843,Silicobra
1070,844,sandaconda,844,38,655,179.0,1025.0,True,844,Sandaconda
1071,10218,sandaconda-gmax,844,220,10000,179.0,,False,844,Sandaconda
1072,845,cramorant,845,8,180,166.0,1026.0,True,845,Cramorant
1073,10182,cramorant-gulping,845,8,180,166.0,1027.0,False,845,Cramorant
1074,10183,cramorant-gorging,845,8,180,166.0,1028.0,False,845,Cramorant
1075,846,arrokuda,846,5,10,56.0,1029.0,True,846,Arrokuda
1076,847,barraskewda,847,13,300,172.0,1030.0,True,847,Barraskewda
1077,848,toxel,848,4,110,48.0,1031.0,True,848,Toxel
1078,849,toxtricity-amped,849,16,400,176.0,1032.0,True,849,Toxtricity
1079,10184,toxtricity-low-key,849,16,400,176.0,1033.0,False,849,Toxtricity
1080,10219,toxtricity-amped-gmax,849,240,10000,176.0,,False,849,Toxtricity
1081,10228,toxtricity-low-key-gmax,849,240,10000,176.0,,False,849,Toxtricity
1082,850,sizzlipede,850,7,10,61.0,1034.0,True,850,Sizzlipede
1083,851,centiskorch,851,30,1200,184.0,1035.0,True,851,Centiskorch
1084,10220,centiskorch-gmax,851,750,10000,184.0,,False,851,Centiskorch
1085,852,clobbopus,852,6,40,62.0,1036.0,True,852,Clobbopus
1086,853,grapploct,853,16,390,168.0,1037.0,True,853,Grapploct
1087,854,sinistea,854,1,2,62.0,1038.0,True,854,Sinistea
1088,855,polteageist,855,2,4,178.0,1039.0,True,855,Polteageist
1089,856,hatenna,856,4,34,53.0,1040.0,True,856,Hatenna
1090,857,hattrem,857,6,48,130.0,1041.0,True,857,Hattrem
1091,858,hatterene,858,21,51,255.0,1042.0,True,858,Hatterene
1092,10221,hatterene-gmax,858,260,10000,255.0,,False,858,Hatterene
1093,859,impidimp,859,4,55,53.0,1043.0,True,859,Impidimp
1094,860,morgrem,860,8,125,130.0,1044.0,True,860,Morgrem
1095,861,grimmsnarl,861,15,610,255.0,1045.0,True,861,Grimmsnarl
1096,10222,grimmsnarl-gmax,861,320,10000,255.0,,False,861,Grimmsnarl
1097,862,obstagoon,862,16,460,260.0,1046.0,True,862,Obstagoon
1098,863,perrserker,863,8,280,154.0,1047.0,True,863,Perrserker
1099,864,cursola,864,10,4,179.0,1048.0,True,864,Cursola
1100,865,sirfetchd,865,8,1170,177.0,1049.0,True,865,Sirfetch’d
1101,866,mr-rime,866,15,582,182.0,1050.0,True,866,Mr. Rime
1102,867,runerigus,867,16,666,169.0,1051.0,True,867,Runerigus
1103,868,milcery,868,2,3,54.0,1052.0,True,868,Milcery
1104,869,alcremie,869,3,5,173.0,1053.0,True,869,Alcremie
1105,10223,alcremie-gmax,869,300,10000,173.0,,False,869,Alcremie
1106,870,falinks,870,30,620,165.0,1054.0,True,870,Falinks
1107,871,pincurchin,871,3,10,152.0,1055.0,True,871,Pincurchin
1108,872,snom,872,3,38,37.0,1056.0,True,872,Snom
1109,873,frosmoth,873,13,420,166.0,1057.0,True,873,Frosmoth
1110,874,stonjourner,874,25,5200,165.0,1058.0,True,874,Stonjourner
1111,875,eiscue-ice,875,14,890,165.0,1059.0,True,875,Eiscue
1112,10185,eiscue-noice,875,14,890,165.0,1060.0,False,875,Eiscue
1113,876,indeedee-male,876,9,280,166.0,1061.0,True,876,Indeedee
1114,10186,indeedee-female,876,9,280,166.0,1062.0,False,876,Indeedee
1115,877,morpeko-full-belly,877,3,30,153.0,1063.0,True,877,Morpeko
1116,10187,morpeko-hangry,877,3,30,153.0,1064.0,False,877,Morpeko
1117,878,cufant,878,12,1000,66.0,1065.0,True,878,Cufant
1118,879,copperajah,879,30,6500,175.0,1066.0,True,879,Copperajah
1119,10224,copperajah-gmax,879,230,10000,175.0,,False,879,Copperajah
1120,880,dracozolt,880,18,1900,177.0,1067.0,True,880,Dracozolt
1121,881,arctozolt,881,23,1500,177.0,1068.0,True,881,Arctozolt
1122,882,dracovish,882,23,2150,177.0,1069.0,True,882,Dracovish
1123,883,arctovish,883,20,1750,177.0,1070.0,True,883,Arctovish
1124,884,duraludon,884,18,400,187.0,1071.0,True,884,Duraludon
1125,10225,duraludon-gmax,884,430,10000,187.0,,False,884,Duraludon
1126,885,dreepy,885,5,20,54.0,1072.0,True,885,Dreepy
1127,886,drakloak,886,14,110,144.0,1073.0,True,886,Drakloak
1128,887,dragapult,887,30,500,300.0,1074.0,True,887,Dragapult
1129,888,zacian,888,28,1100,335.0,1075.0,True,888,Zacian
1130,10188,zacian-crowned,888,28,3550,360.0,1076.0,False,888,Zacian
1131,889,zamazenta,889,29,2100,335.0,1077.0,True,889,Zamazenta
1132,10189,zamazenta-crowned,889,29,7850,360.0,1078.0,False,889,Zamazenta
1133,890,eternatus,890,200,9500,345.0,1079.0,True,890,Eternatus
1134,10190,eternatus-eternamax,890,1000,0,563.0,1080.0,False,890,Eternatus
1135,891,kubfu,891,6,120,77.0,1081.0,True,891,Kubfu
1136,892,urshifu-single-strike,892,19,1050,275.0,1082.0,True,892,Urshifu
1137,10191,urshifu-rapid-strike,892,19,1050,275.0,1083.0,False,892,Urshifu
1138,10226,urshifu-single-strike-gmax,892,290,10000,275.0,,False,892,Urshifu
1139,10227,urshifu-rapid-strike-gmax,892,260,10000,275.0,,False,892,Urshifu
1140,893,zarude,893,18,700,300.0,1084.0,True,893,Zarude
1141,10192,zarude-dada,893,18,700,300.0,1085.0,False,893,Zarude
1142,894,regieleki,894,12,1450,290.0,1086.0,True,894,Regieleki
1143,895,regidrago,895,21,2000,290.0,1087.0,True,895,Regidrago
1144,896,glastrier,896,22,8000,290.0,1088.0,True,896,Glastrier
1145,897,spectrier,897,20,445,290.0,1089.0,True,897,Spectrier
1146,898,calyrex,898,11,77,250.0,1090.0,True,898,Calyrex
1147,10193,calyrex-ice,898,24,8091,340.0,1091.0,False,898,Calyrex
1148,10194,calyrex-shadow,898,24,536,340.0,1092.0,False,898,Calyrex
